CÃ³digo,Tags
1,ADAPLC-SC-S|CTFO4PNL|ADAPLC-SC-S|PIGSCAPC1M
2,ADAPSC-S|CTFO4PNL|ADAPSC-S|PIGSCAPC1M
3,ADAPSCAPC-S|CTFO4PNL|ADAPSCAPC-S|CONPPSCSMAPC|JUSCAPCSCAPC2MSM|PIGSCAPC2MSM
4,ADAPSCAPC-S|CTFO4PNL|ADAPSCAPC-S|CONPPSCSMAPC|JUSCAPCSCAPC2MSM|PIGSCAPC2MSM
5,UTPC6A-BL|JACK CAT6A|PLACA CAT6A|CAJA UNIVERSAL REFORZADA|PLUG CAT6A
6,CAP-828-BL|UTP CAT5E|PLUG CAT5E|JACK CAT5E|BOTAS CAT5E|BOTAS CAT6
7,CAP-828-GY|UTP CAT5E|PLUG CAT5E|JACK CAT5E|BOTAS CAT5E|BOTAS CAT6
8,CAP-828-BK|UTP CAT5E|PLUG CAT5E|JACK CAT5E|BOTAS CAT5E|BOTAS CAT6
9,CAP6A-828-GY|UTP CAT6A|PLUG CAT6A|JACK CAT6A|PLUG CAT6A|BOTAS CAT6A
10,UTPC5EXT|JACK CAT5E|PLACA CAT5E|CAJA UNIVERSAL REFORZADA|PLUG CAT5E EXTERIOR
11,UTPC6EXT|JACK CAT6|PLACA CAT6|CAJA UNIVERSAL REFORZADA|PLUG CAT6 EXTERIOR
12,UTPC6CERT-BL|JACK CAT6|PLACA CAT6|CAJA UNIVERSAL REFORZADA|UTP CAT6
13,UTPC6CERT-GY|JACK CAT6|PLACA CAT6|CAJA UNIVERSAL REFORZADA|UTP CAT6
14,UTPC5ECU-BL|JACK CAT 5E|PLACA 5E|CAJA UNIVERSAL REFORZADA|UTP CAT5E
15,1101D-BL|JACK CAT 5E|PLACA 5E|CAJA UNIVERSAL REFORZADA|UTP CAT5E
16,1101D-GY|JACK CAT 5E|PLACA 5E|CAJA UNIVERSAL REFORZADA|UTP CAT5E
17,UTPC5ECU-GY|JACK CAT 5E|PLACA 5E|CAJA UNIVERSAL REFORZADA|UTP CAT5E
18,CDEXTFTTX2X8|CDEXTFTTX2X8|SPLITTERS 1x8|ADAPSCAPC-S|CONPPSCSMAPC|JUSCAPCSCAPC2MSM|PIGSCAPC2MSM
19,CDEXTFTTX2X12NL|CDEXTFTTX2X12NL|SPLITTERS 1x12|ADAPSCAPC-S|CONPPSCSMAPC|JUSCAPCSCAPC2MSM|PIGSCAPC2MSM
20,CDEXTFTTX2X24NL|CDEXTFTTX2X24NL|SPLITTERS 1x24|ADAPSCAPC-S|CONPPSCSMAPC|JUSCAPCSCAPC2MSM|PIGSCAPC2MSM
21,CDEXTFTTX2X48NL|CDEXTFTTX2X48NL|SPLITTERS 1x48|ADAPSCAPC-S|CONPPSCSMAPC|JUSCAPCSCAPC2MSM|PIGSCAPC2MSM
22,CTFO4PNL|CTFO4PNL|ADAPSCAPC-S|CONPPSCSMAPC|JUSCAPCSCAPC2MSM|PIGSCAPC2MSM
23,CUNIV-N|JACK CAT6|PLACA CAT6|PATCH CORD CAT6
24,CUNIV2|JACK CAT6|PLACA CAT6|PATCH CORD CAT6
25,CDES1910R|RACK 7|RACK 4|TORNILLOS RACK
26,CDES1M|GABINETE 1M|TUERCAS ENJAULADAS|GABINETE PISO
27,CDES60|GABINETE 600|TUERCAS ENJAULADAS|GABINETE PISO
28,CDL1P1918|RACK 7|RACK 4|TORNILLOS RACK
29,CT1910|RACK 7|GABINETE PARED|TORNILLOS RACK
30,C1914|RACK 7|GABINETE PARED|TORNILLOS RACK
31,C1918|RACK 7|GABINETE PARED|TORNILLOS RACK
32,CF1929V|GABINETE 1M|TUERCAS ENJAULADAS|GABINETE PISO
33,CF1915V|GABINETE 600|TUERCAS ENJAULADAS|GABINETE PISO
34,CF1918V|GABINETE 800|TUERCAS ENJAULADAS|GABINETE PISO
35,CONLC|CONECTOR LC MM|CTFO4PNL|FOINE65010G|FOINE6SM|ADAPLC-SC-S
36,CONLCSM|CONECTOR LC MM|CTFO4PNL|FOINE6SM|ADAPLC-SC-S
37,CONPPLCMM4|CONECTOR PREPULIDO LC MM|CTFO4PNL|FOINE65010G|ADAPLC-SC-S
38,CONPPLCSM|CONECTOR PREPULIDO LC SM|CTFO4PNL|FOINE6SM|ADAPLC-SC-S|FOK6F
39,CONPPSCMM4|CONECTOR PREPULIDO SC MM|CTFO4PNL|FOINE65010G|ADAPSCAPC-S|FOK6F
40,CONPPSCSMAPC|CONECTOR PREPULIDO SC SM|CTFO4PNL|FOINE6SM|ADAPSCAPC-S
41,CONPPSCSM|CONECTOR PREPULIDO SC SM|CTFO4PNL|FOINE6SM|ADAPSCAPC-S
42,CONSC|CONECTOR SC MM|CTFO4PNL|FOINE65010G|ADAPSC-S
43,CONSCSM|CONECTOR SC MM|CTFO4PNL|FOINE6SM|ADAPSC-S
44,S144H|PINZA CORTADORA|HERRAMIENTA FIBRA|FIBRA OPTICA|CORTADORA FIBRA
45,CFOD|CORTADORA FIBRA|HERRAMIENTA FIBRA|FIBRA OPTICA|PINZA CORTADORA
46,DESFORDROPM|DESFORRADORA|HERRAMIENTA FIBRA|FIBRA OPTICA|PINZA CORTADORA
47,DFO18D|DISTRIBUIDOR 18D|SBE-6LC/SCWOC|SBE-BLANKFO|SBE-6SCAPCSM|SBE-6SCSM|SBE-6LCSM|MANGAS 60
48,DFO36D|DISTRIBUIDOR 36D|SBE-6LC/SCWOC|SBE-BLANKFO|SBE-6SCAPCSM|SBE-6SCSM|SBE-6LCSM|MANGAS 60
49,LFO12/24|DISTRIBUIDOR PARED 12/24|SBE-6LC/SCWOC|SBE-BLANKFO|SBE-6SCAPCSM|SBE-6SCSM|SBE-6LCSM|MANGAS 60
50,DFO12|DISTRIBUIDOR 12|SBE-6LC/SCWOC|SBE-BLANKFO|SBE-6SCAPCSM|SBE-6SCSM|SBE-6LCSM|MANGAS 60
51,DFO24|DISTRIBUIDOR 24|SBE-6LC/SCWOC|SBE-BLANKFO|SBE-6SCAPCSM|SBE-6SCSM|SBE-6LCSM|MANGAS 60
52,ESP25|UTP CAT6|PATCH CORD CAT6|VELCRO|ESPIRAL
53,ESP12|UTP CAT6|PATCH CORD CAT6|VELCRO|ESPIRAL
54,ESP6|UTP CAT6|PATCH CORD CAT6|VELCRO|ESPIRAL
55,ESP20|UTP CAT6|PATCH CORD CAT6|VELCRO|ESPIRAL
56,ESPN25|UTP CAT6|PATCH CORD CAT6|VELCRO|ESPIRAL
57,ESPN12|UTP CAT6|PATCH CORD CAT6|VELCRO|ESPIRAL
58,ESPN6|UTP CAT6|PATCH CORD CAT6|VELCRO|ESPIRAL
59,ESPN20|UTP CAT6|PATCH CORD CAT6|VELCRO|ESPIRAL
60,FOK12F|FOK12F|CONECTOR PREPULIDO SC SM|FOEXAR6SM|ADAPSC-S
61,FOK6F|FOK6F|CONECTOR PREPULIDO SC SM|FOEXAR6SM|ADAPSC-S
62,FOADSSJ12SM|FIBRA OPTICA SM|FOK6F|CONECTOR PREPULIDO SC SM|ADAPSC-S|FOK12F|CORTADORA FIBRA|PINZA CORTADORA
63,FOADSSJ24SM|FIBRA OPTICA SM|FOK6F|CONECTOR PREPULIDO SC SM|ADAPSC-S|FOK12F|CORTADORA FIBRA|PINZA CORTADORA
64,FOADSS6SM|FIBRA OPTICA SM|FOK6F|CONECTOR PREPULIDO SC SM|ADAPSC-S|FOK12F|CORTADORA FIBRA|PINZA CORTADORA
65,FOEXARGYAD12MM3|FIBRA OPTICA MM|CONPPSCMM4|ADAPSC-S|FOK12F|CORTADORA FIBRA|PINZA CORTADORA
66,FOEXARGYAD6MM3|FIBRA OPTICA MM|CONPPSCMM4|ADAPSC-S|FOK6F|CORTADORA FIBRA|PINZA CORTADORA
67,FOEXARGYAD12SM|FIBRA OPTICA SM|CONECTOR PREPULIDO SC SM|ADAPSC-S|FOK6F|CORTADORA FIBRA|PINZA CORTADORA
68,FOEXARGYAD6SM|FIBRA OPTICA SM|CONECTOR PREPULIDO SC SM|ADAPSC-S|FOK6F|CORTADORA FIBRA|PINZA CORTADORA
69,FOEXAR12MM50M3|FIBRA OPTICA MM|CONPPSCMM4|ADAPSC-S|FOK12F|CORTADORA FIBRA|PINZA CORTADORA
70,FOEXAR12MM50M4|FIBRA OPTICA MM|CONPPSCMM4|ADAPSC-S|FOK12F|CORTADORA FIBRA|PINZA CORTADORA
71,FOEXAR24MM50|FIBRA OPTICA MM|CONPPSCMM4|ADAPSC-S|FOK12F|CORTADORA FIBRA|PINZA CORTADORA
72,FOEXAR12MM50M2|FIBRA OPTICA MM|CONPPSCMM4|ADAPSC-S|FOK12F|CORTADORA FIBRA|PINZA CORTADORA
73,FOEXAR6MM50M3|FIBRA OPTICA MM|CONPPSCMM4|ADAPSC-S|FOK6F|CORTADORA FIBRA|PINZA CORTADORA
74,FOEXAR6MM50M4|FIBRA OPTICA MM|CONPPSCMM4|ADAPSC-S|FOK6F|CORTADORA FIBRA|PINZA CORTADORA
75,FOEXAR12SM|FIBRA OPTICA SM|CONECTOR PREPULIDO SC SM|ADAPSC-S|FOK12F|CORTADORA FIBRA|PINZA CORTADORA
76,FOEXAR24SM|FIBRA OPTICA SM|CONECTOR PREPULIDO SC SM|ADAPSC-S|FOK12F|CORTADORA FIBRA|PINZA CORTADORA
77,FOEXAR6SM|FIBRA OPTICA SM|CONECTOR PREPULIDO SC SM|ADAPSC-S|FOK6F|CORTADORA FIBRA|PINZA CORTADORA
78,FODROP1BT|FIBRA OPTICA DROP|CONECTOR PREPULIDO SC SM|CDEXTFTTX2X48NL|DESFORRADORA|CORTADORA FIBRA|PINZA CORTADORA|CTFO4PNL
79,FODROP2BT|FIBRA OPTICA DROP|CONECTOR PREPULIDO SC SM|CDEXTFTTX2X48NL|DESFORRADORA|CORTADORA FIBRA|PINZA CORTADORA|CTFO4PNL
80,FODROPR1|FIBRA OPTICA DROP|CONECTOR PREPULIDO SC SM|CDEXTFTTX2X48NL|DESFORRADORA|CORTADORA FIBRA|PINZA CORTADORA|CTFO4PNL
81,FODROPR2|FIBRA OPTICA DROP|CONECTOR PREPULIDO SC SM|CDEXTFTTX2X48NL|DESFORRADORA|CORTADORA FIBRA|PINZA CORTADORA|CTFO4PNL
82,FODROP1BTF8|FIBRA OPTICA DROP|CONECTOR PREPULIDO SC SM|CDEXTFTTX2X48NL|DESFORRADORA|CORTADORA FIBRA|PINZA CORTADORA|CTFO4PNL
83,FODROP2BTF8|FIBRA OPTICA DROP|CONECTOR PREPULIDO SC SM|CDEXTFTTX2X48NL|DESFORRADORA|CORTADORA FIBRA|PINZA CORTADORA|CTFO4PNL
84,FOINT12MM3|FIBRA OPTICA MM|CONPPSCMM4|ADAPSC-S|CORTADORA FIBRA|PINZA CORTADORA|CTFO4PNL|CDEXTFTTX2X48NL
85,FOINT6MM3|FIBRA OPTICA MM|CONPPSCMM4|ADAPSC-S|CORTADORA FIBRA|PINZA CORTADORA|CTFO4PNL|CDEXTFTTX2X48NL
86,FOINT6MM|FIBRA OPTICA MM|CONPPSCMM4|ADAPSC-S|CORTADORA FIBRA|PINZA CORTADORA|CTFO4PNL|CDEXTFTTX2X48NL
87,FOINE12SM|FIBRA OPTICA SM|CONECTOR PREPULIDO SC SM|ADAPSCAPC-S|CORTADORA FIBRA|PINZA CORTADORA|CTFO4PNL|CDEXTFTTX2X48NL
88,FOINE24SM|FIBRA OPTICA SM|CONPPSCMM4|ADAPSCAPC-S|CORTADORA FIBRA|PINZA CORTADORA|CTFO4PNL|CDEXTFTTX2X48NL
89,FOINE6SM|FIBRA OPTICA SM|CONPPSCMM4|ADAPSCAPC-S|CORTADORA FIBRA|PINZA CORTADORA|CTFO4PNL|CDEXTFTTX2X48NL
90,FOINE12MM50|FIBRA OPTICA MM|CONPPSCMM4|ADAPSC-S|CORTADORA FIBRA|PINZA CORTADORA|CTFO4PNL|CDEXTFTTX2X48NL
91,FOINE125010G|FIBRA OPTICA MM|CONPPSCMM4|ADAPSC-S|CORTADORA FIBRA|PINZA CORTADORA|CTFO4PNL|CDEXTFTTX2X48NL
92,FOINE65010G|FIBRA OPTICA MM|CONPPSCMM4|ADAPSC-S|CORTADORA FIBRA|PINZA CORTADORA|CTFO4PNL|CDEXTFTTX2X48NL
93,GNLPAR12UR|CHAROLA C1910|VENTILADOR 2|CHAROLA C1914|GABINETE PARED
94,GNLPAR12URP|CHAROLA C1910|VENTILADOR 2|CHAROLA C1914|GABINETE PARED
95,GPAR10UR|CHAROLA C1910|VENTILADOR 2|CHAROLA C1914|GABINETE PARED
96,GNLPAR15UR|CHAROLA C1910|VENTILADOR 2|CHAROLA C1914|GABINETE PARED
97,GNLPAR22UR|CHAROLA C1910|VENTILADOR 2|CHAROLA C1914|GABINETE PARED
98,GNLPAR6UR|CHAROLA C1910|VENTILADOR 2|CHAROLA C1914|GABINETE PARED
99,GNLPAR9UR|CHAROLA C1910|VENTILADOR 2|CHAROLA C1914|GABINETE PARED
100,GNLPAR15URP|CHAROLA C1910|VENTILADOR 2|CHAROLA C1914|GABINETE PARED
101,GNLPAR22URP|CHAROLA C1910|VENTILADOR 2|CHAROLA C1914|GABINETE PARED
102,GNLPAR6URP|CHAROLA C1910|VENTILADOR 2|CHAROLA C1914|GABINETE PARED
103,GNLPAR9URP|CHAROLA C1910|VENTILADOR 2|CHAROLA C1914|GABINETE PARED
104,GNLPAR22URP3C|CHAROLA C1910|VENTILADOR 2|CHAROLA C1914|GABINETE PARED
105,GNLPAR6UR3C|CHAROLA C1910|VENTILADOR 2|CHAROLA C1914|GABINETE PARED
106,GNL20URV|GABINETE 1M|TUERCAS ENJAULADAS|GABINETE PISO|CHAROLA CF1929V|VENTILADOR 2
107,GNL20URP|GABINETE 1M|TUERCAS ENJAULADAS|GABINETE PISO|CHAROLA CF1929V|VENTILADOR 2
108,GNL24URP|GABINETE 1M|TUERCAS ENJAULADAS|GABINETE PISO|CHAROLA CF1929V|VENTILADOR 2
109,GNL26URP|GABINETE 1M|TUERCAS ENJAULADAS|GABINETE PISO|CHAROLA CF1929V|VENTILADOR 2
110,GNL42URP|GABINETE 1M|TUERCAS ENJAULADAS|GABINETE PISO|CHAROLA CF1929V|VENTILADOR 2
111,GNL42URV|GABINETE 1M|TUERCAS ENJAULADAS|GABINETE PISO|CHAROLA CF1929V|VENTILADOR 2
112,GNL42URV6001.2P|GABINETE 1M|TUERCAS ENJAULADAS|GABINETE PISO|CHAROLA CF1929V|VENTILADOR 2
113,GNL20URP600|GABINETE 600|TUERCAS ENJAULADAS|GABINETE PISO|CHAROLA CF1915V|VENTILADOR 2
114,GNL20URV600|GABINETE 600|TUERCAS ENJAULADAS|GABINETE PISO|CHAROLA CF1915V|VENTILADOR 2
115,GNL24URP600|GABINETE 600|TUERCAS ENJAULADAS|GABINETE PISO|CHAROLA CF1915V|VENTILADOR 2
116,GNL26URP600|GABINETE 600|TUERCAS ENJAULADAS|GABINETE PISO|CHAROLA CF1915V|VENTILADOR 2
117,GNL42URP600|GABINETE 600|TUERCAS ENJAULADAS|GABINETE PISO|CHAROLA CF1915V|VENTILADOR 2
118,GNL42URV600|GABINETE 600|TUERCAS ENJAULADAS|GABINETE PISO|CHAROLA CF1915V|VENTILADOR 2
119,GNL20UR|GABINETE 800|TUERCAS ENJAULADAS|CHAROLA SBE-CF1918V|GABINETE PISO|VENTILADOR 2
120,GNL24UR|GABINETE 800|TUERCAS ENJAULADAS|CHAROLA SBE-CF1918V|GABINETE PISO|VENTILADOR 2
121,GNL26UR|GABINETE 800|TUERCAS ENJAULADAS|CHAROLA SBE-CF1918V|GABINETE PISO|VENTILADOR 2
122,GNL42UR|GABINETE 800|TUERCAS ENJAULADAS|CHAROLA SBE-CF1918V|GABINETE PISO|VENTILADOR 2
123,GNL42UR6X8V|GABINETE 800|TUERCAS ENJAULADAS|CHAROLA SBE-CF1918V|GABINETE PISO|VENTILADOR 2
124,GNL42URP800|GABINETE 1M|TUERCAS ENJAULADAS|GABINETE PISO|CHAROLA CF1929V|VENTILADOR 2
125,GNL42URV800|GABINETE 1M|TUERCAS ENJAULADAS|GABINETE PISO|CHAROLA CF1929V|VENTILADOR 2
126,GNL42URP8001.2P|GABINETE 1M|TUERCAS ENJAULADAS|GABINETE PISO|CHAROLA CF1929V|VENTILADOR 2
127,GNL42URV8001.2P|GABINETE 1M|TUERCAS ENJAULADAS|GABINETE PISO|CHAROLA CF1929V|VENTILADOR 2
128,KHIMP|HERRAMIENTA IMPACTO|JACK CAT5E|JACK CAT6|JACK CAT6A|HERRAMIENTA COBRE
129,BLANK-WT|INCERTO CIEGO|PLACA CAT6|PLACA CAT5E
130,2302-BL|UTP CAT5E|PLACA CAT5E|CAJA UNIVERSAL REFORZADA
131,2302-WT|UTP CAT5E|PLACA CAT5E|CAJA UNIVERSAL REFORZADA
132,JACKC6-BL|UTP CAT6|PLACA CAT6|CAJA UNIVERSAL REFORZADA
133,JACKC6-WT|UTP CAT6|PLACA CAT6|CAJA UNIVERSAL REFORZADA
134,JACKC6-BK|UTP CAT6|PLACA CAT6|CAJA UNIVERSAL REFORZADA
135,JACKC6-RD|UTP CAT6|PLACA CAT6|CAJA UNIVERSAL REFORZADA
136,JACKC6AS-BL|UTP CAT6|PLACA CAT6|CAJA UNIVERSAL REFORZADA
137,JACKC6A-BL|UTP CAT6A|PLACA CAT6A|CAJA UNIVERSAL REFORZADA
138,JACKC6A-WT|UTP CAT6A|PLACA CAT6A|CAJA UNIVERSAL REFORZADA
139,JTE1224N|GABINETE PISO|GABINETES PARED|TUERCAS ENJAULADAS|CHAROLA CF1929V|CHAROLA CF1915V|CHAROLA CF1918V
140,PIGLC2M50M412P|FIBRA OPTICA MM|FOINE125010G|CDEXTFTTX2X48NL|CORTADORA FIBRA|PINZA CORTADORA|CTFO4PNL|MANGAS 60
141,PIGSC2MSM12P|FIBRA OPTICA SM|FOINE12SM|CDEXTFTTX2X48NL|CORTADORA FIBRA|PINZA CORTADORA|CTFO4PNL|MANGAS 60
142,JTACERO|RACK 7|GABINETE PARED|TORNILLOS RACK|CT1910|C1914|C1918
143,PIGLC2M50M46P|FIBRA OPTICA MM|FOINE65010G|CDEXTFTTX2X48NL|CORTADORA FIBRA|PINZA CORTADORA|CTFO4PNL|MANGAS 60
144,PIGSC2M50M46P|FIBRA OPTICA MM|FOINE65010G|CDEXTFTTX2X48NL|CORTADORA FIBRA|PINZA CORTADORA|CTFO4PNL|MANGAS 60
145,PIGSC2MSM6P|FIBRA OPTICA MM|FOINE65010G|CDEXTFTTX2X48NL|CORTADORA FIBRA|PINZA CORTADORA|CTFO4PNL|MANGAS 60
146,PIGLC2MSM6P|FIBRA OPTICA MM|FOINE6SM|CDEXTFTTX2X48NL|CORTADORA FIBRA|PINZA CORTADORA|CTFO4PNL|MANGAS 60|ADAPLC-SC-S
147,JUMLC-LC-1M50|CDEXTFTTX2X48NL|CTFO4PNL|ADAPLC-SC-S|DISTRIBUIDOR 18D
148,JUMLC-LC-2M50|CDEXTFTTX2X48NL|CTFO4PNL|ADAPLC-SC-S|DISTRIBUIDOR 18D
149,JUMLC-LC-3M50|CDEXTFTTX2X48NL|CTFO4PNL|ADAPLC-SC-S|DISTRIBUIDOR 18D
150,JUMLC-SC-1M50|CDEXTFTTX2X48NL|CTFO4PNL|ADAPLC-SC-S|DISTRIBUIDOR 18D
151,JUMLC-SC-2M50|CDEXTFTTX2X48NL|CTFO4PNL|ADAPLC-SC-S|DISTRIBUIDOR 18D
152,JUMLC-SC-3M50|CDEXTFTTX2X48NL|CTFO4PNL|ADAPLC-SC-S|DISTRIBUIDOR 18D
153,JUSCAPCSCAPC2MSM|CDEXTFTTX2X48NL|CTFO4PNL|ADAPSCAPC-S|DISTRIBUIDOR 18D
154,JUMSC-SCAPC-2MSM|CDEXTFTTX2X48NL|CTFO4PNL|ADAPSCAPC-S|DISTRIBUIDOR 18D
155,JUMSC-SC-2M50|CDEXTFTTX2X48NL|CTFO4PNL|ADAPSC-S|DISTRIBUIDOR 18D
156,JUMSC-SC-3M50|CDEXTFTTX2X48NL|CTFO4PNL|ADAPSC-S|DISTRIBUIDOR 18D
157,JUMSC-SC-2M-SM|CDEXTFTTX2X48NL|CTFO4PNL|ADAPSC-S|DISTRIBUIDOR 18D
158,JUMSC-SC-3M-SM|CDEXTFTTX2X48NL|CTFO4PNL|ADAPSC-S|DISTRIBUIDOR 18D
159,JUMSC-SC-1M-SMD|CDEXTFTTX2X48NL|CTFO4PNL|ADAPSC-S|DISTRIBUIDOR 18D
160,JUMSC-SC-2M-SMD|CDEXTFTTX2X48NL|CTFO4PNL|ADAPSC-S|DISTRIBUIDOR 18D
161,JUMSC-SCAPC-2M-SMD|CDEXTFTTX2X48NL|CTFO4PNL|ADAPSCAPC-S|DISTRIBUIDOR 18D
162,F3033|KIT FIBRA|HERRAMIENTA FIBRA
163,1CLICKLC/MU|LIMPIADOR FIBRA|HERRAMIENTA LIMPIEZA FIBRA
164,1CLICKSC/ST/FC|LIMPIADOR FIBRA|HERRAMIENTA LIMPIEZA FIBRA
165,EM10K|LOCALIZADOR|HERRAMIENTA FIBRA
166,HESL50|MANGAS 50|DISTRIBUIDOR 18D|PIGSCAPC2MSM
167,HESL60|MANGAS 60|DISTRIBUIDOR 18D|PIGSCAPC2MSM
168,MP292302-10K|MEDIDOR|HERRAMIENTA FIBRA
169,EM200X|MICROSCOPIO|HERRAMIENTA FIBRA
170,N110|NAVAJA|HERRAMIENTA IMPACTO|HERRAMIENTA COBRE
171,OP10010070|CAJA TAPA OPACA|SUJETACABLES TELA|SUJETACABLES NYLON
172,OP15011070|CAJA TAPA OPACA|SUJETACABLES TELA|SUJETACABLES NYLON
173,OP19014070|CAJA TAPA OPACA|SUJETACABLES TELA|SUJETACABLES NYLON
174,OP300220120|CAJA TAPA OPACA|SUJETACABLES TELA|SUJETACABLES NYLON
175,OP380300120|CAJA TAPA OPACA|SUJETACABLES TELA|SUJETACABLES NYLON
176,OH2URD|RACK 7|RACK 4|TORNILLOS RACK|VELCRO|ESPIRAL|ORGANIZADOR HORIZONTAL
177,OV20UR|RACK 7|RACK 4|TORNILLOS RACK|SUJETACABLES TELA|ESPIRAL|ORGANIZADOR HORIZONTAL|ORGANIZADOR VERTICAL
178,OV20URS|RACK 7|RACK 4|TORNILLOS RACK|SUJETACABLES TELA|ESPIRAL|ORGANIZADOR HORIZONTAL|ORGANIZADOR VERTICAL
179,OV40UR|RACK 7|RACK 4|TORNILLOS RACK|SUJETACABLES TELA|ESPIRAL|ORGANIZADOR HORIZONTAL|ORGANIZADOR VERTICAL
180,OV40URS|RACK 7|RACK 4|TORNILLOS RACK|SUJETACABLES TELA|ESPIRAL|ORGANIZADOR HORIZONTAL|ORGANIZADOR VERTICAL
181,OVNL22.5UR|RACK 7|RACK 4|TORNILLOS RACK|SUJETACABLES TELA|ESPIRAL|ORGANIZADOR HORIZONTAL|ORGANIZADOR VERTICAL
182,OVNL22.5URS|RACK 7|RACK 4|TORNILLOS RACK|SUJETACABLES TELA|ESPIRAL|ORGANIZADOR HORIZONTAL|ORGANIZADOR VERTICAL
183,OVNL45UR|RACK 7|RACK 4|TORNILLOS RACK|SUJETACABLES TELA|ESPIRAL|ORGANIZADOR HORIZONTAL|ORGANIZADOR VERTICAL
184,OVNL45URS|RACK 7|RACK 4|TORNILLOS RACK|SUJETACABLES TELA|ESPIRAL|ORGANIZADOR HORIZONTAL|ORGANIZADOR VERTICAL
185,OH1UR|RACK 7|RACK 4|TORNILLOS RACK|SUJETACABLES TELA|ESPIRAL|ORGANIZADOR HORIZONTAL
186,OH2UR|RACK 7|RACK 4|TORNILLOS RACK|SUJETACABLES TELA|ESPIRAL|ORGANIZADOR HORIZONTAL
187,OTDR-B|OTDR|HERRAMIENTAS FIBRA
188,PC001|PANEL CIEGO|GABINETES PISO|GABINETES PARED|RACK 7|RACK 4
189,PC002|PANEL CIEGO|GABINETES PISO|GABINETES PARED|RACK 7|RACK 4
190,2202-24P|GABINETE PISO|GABINETE PARED|PATCH CORD CAT5E|PANEL PARCHEO CAT5E
191,2202-48P|GABINETE PISO|GABINETE PARED|PATCH CORD CAT5E|PANEL PARCHEO CAT5E
192,PPC6-24|GABINETE PISO|GABINETE PARED|PATCH CORD CAT6|PANEL PARCHEO CAT6
193,PPC6-48|GABINETE PISO|GABINETE PARED|PATCH CORD CAT6
194,2202-12P|PATCH CORD CAT5E|VELCRO|ESPIRAL|PANEL PARED
195,PPC6-12P|PATCH CORD CAT6|VELCRO|ESPIRAL|PANEL PARED
196,PMODA|GABINETE PISO|GABINETE PARED|PATCH CORD CAT6|JACK CAT6
197,PMODS|GABINETE PISO|GABINETE PARED|PATCH CORD CAT6|JACK CAT6
198,1109-1.0M-BL|ORGANIZADOR HORIZONTAL|PANEL DE PARCHEO CAT5E|JACK CAT5E|PLACA CAT5E|CAJA UNIVERSAL REFORZADA|GABINETES PISO|GABINETE PARED|PATCH CORD CAT5E
199,1109-2.0M-BL|ORGANIZADOR HORIZONTAL|PANEL DE PARCHEO CAT5E|JACK CAT5E|PLACA CAT5E|CAJA UNIVERSAL REFORZADA|GABINETES PISO|GABINETE PARED|PATCH CORD CAT5E
200,1109-3.0M-BL|ORGANIZADOR HORIZONTAL|PANEL DE PARCHEO CAT5E|JACK CAT5E|PLACA CAT5E|CAJA UNIVERSAL REFORZADA|GABINETES PISO|GABINETE PARED|PATCH CORD CAT5E
201,1109-1.0M-GY|ORGANIZADOR HORIZONTAL|PANEL DE PARCHEO CAT5E|JACK CAT5E|PLACA CAT5E|CAJA UNIVERSAL REFORZADA|GABINETES PISO|GABINETE PARED|PATCH CORD CAT5E
202,1109-2.0M-GY|ORGANIZADOR HORIZONTAL|PANEL DE PARCHEO CAT5E|JACK CAT5E|PLACA CAT5E|CAJA UNIVERSAL REFORZADA|GABINETES PISO|GABINETE PARED|PATCH CORD CAT5E
203,1109-3.0M-GY|ORGANIZADOR HORIZONTAL|PANEL DE PARCHEO CAT5E|JACK CAT5E|PLACA CAT5E|CAJA UNIVERSAL REFORZADA|GABINETES PISO|GABINETE PARED|PATCH CORD CAT5E
204,PCC60.3M-BL|ORGANIZADOR HORIZONTAL|PANEL DE PARCHEO CAT6|JACK CAT6|PLACA CAT6|CAJA UNIVERSAL REFORZADA|GABINETES PISO|GABINETE PARED|PATCH CORD CAT6
205,PCC60.6M-BL|ORGANIZADOR HORIZONTAL|PANEL DE PARCHEO CAT6|JACK CAT6|PLACA CAT6|CAJA UNIVERSAL REFORZADA|GABINETES PISO|GABINETE PARED|PATCH CORD CAT6
206,PCC61.0M-BL|ORGANIZADOR HORIZONTAL|PANEL DE PARCHEO CAT6|JACK CAT6|PLACA CAT6|CAJA UNIVERSAL REFORZADA|GABINETES PISO|GABINETE PARED|PATCH CORD CAT6
207,PCC62.0M-BL|ORGANIZADOR HORIZONTAL|PANEL DE PARCHEO CAT6|JACK CAT6|PLACA CAT6|CAJA UNIVERSAL REFORZADA|GABINETES PISO|GABINETE PARED|PATCH CORD CAT6
208,PCC63.0M-BL|ORGANIZADOR HORIZONTAL|PANEL DE PARCHEO CAT6|JACK CAT6|PLACA CAT6|CAJA UNIVERSAL REFORZADA|GABINETES PISO|GABINETE PARED|PATCH CORD CAT6
209,PCC61.0M-GY|ORGANIZADOR HORIZONTAL|PANEL DE PARCHEO CAT6|JACK CAT6|PLACA CAT6|CAJA UNIVERSAL REFORZADA|GABINETES PISO|GABINETE PARED|PATCH CORD CAT6
210,PCC62.0M-GY|ORGANIZADOR HORIZONTAL|PANEL DE PARCHEO CAT6|JACK CAT6|PLACA CAT6|CAJA UNIVERSAL REFORZADA|GABINETES PISO|GABINETE PARED|PATCH CORD CAT6
211,PCC63.0M-GY|ORGANIZADOR HORIZONTAL|PANEL DE PARCHEO CAT6|JACK CAT6|PLACA CAT6|CAJA UNIVERSAL REFORZADA|GABINETES PISO|GABINETE PARED|PATCH CORD CAT6
212,PCC60.3M-GY|ORGANIZADOR HORIZONTAL|PANEL DE PARCHEO CAT6|JACK CAT6|PLACA CAT6|CAJA UNIVERSAL REFORZADA|GABINETES PISO|GABINETE PARED|PATCH CORD CAT6
213,PCC60.6M-GY|ORGANIZADOR HORIZONTAL|PANEL DE PARCHEO CAT6|JACK CAT6|PLACA CAT6|CAJA UNIVERSAL REFORZADA|GABINETES PISO|GABINETE PARED|PATCH CORD CAT6
214,PCC6A1.0M-BL|ORGANIZADOR HORIZONTAL|PANEL DE PARCHEO CAT6A|JACK CAT6A|PLACA CAT6A|CAJA UNIVERSAL REFORZADA|GABINETES PISO|GABINETE PARED|PATCH CORD CAT6A
215,PCC6A2.0M-BL|ORGANIZADOR HORIZONTAL|PANEL DE PARCHEO CAT6A|JACK CAT6A|PLACA CAT6A|CAJA UNIVERSAL REFORZADA|GABINETES PISO|GABINETE PARED|PATCH CORD CAT6A
216,PCC6A3.0M-BL|ORGANIZADOR HORIZONTAL|PANEL DE PARCHEO CAT6A|JACK CAT6A|PLACA CAT6A|CAJA UNIVERSAL REFORZADA|GABINETES PISO|GABINETE PARED|PATCH CORD CAT6A
217,PCC6A1.0M-GY|ORGANIZADOR HORIZONTAL|PANEL DE PARCHEO CAT6A|JACK CAT6A|PLACA CAT6A|CAJA UNIVERSAL REFORZADA|GABINETES PISO|GABINETE PARED|PATCH CORD CAT6A
218,PCC6A2.0M-GY|ORGANIZADOR HORIZONTAL|PANEL DE PARCHEO CAT6A|JACK CAT6A|PLACA CAT6A|CAJA UNIVERSAL REFORZADA|GABINETES PISO|GABINETE PARED|PATCH CORD CAT6A
219,PCC6A3.0M-GY|ORGANIZADOR HORIZONTAL|PANEL DE PARCHEO CAT6A|JACK CAT6A|PLACA CAT6A|CAJA UNIVERSAL REFORZADA|GABINETES PISO|GABINETE PARED|PATCH CORD CAT6A
220,PELUTP|PELADOR|UTP CAT5E|UTP CAT6|UTP CAT6A|HERRAMIENTA COBRE
221,PIGSCAPC1MD|FIBRA OPTICA SM|FOINE6SM|CDEXTFTTX2X48NL|CORTADORA FIBRA|PINZA CORTADORA|CTFO4PNL|MANGAS 60
222,PIGSCAPC1MSM|FIBRA OPTICA SM|FOINE6SM|CDEXTFTTX2X48NL|CORTADORA FIBRA|PINZA CORTADORA|CTFO4PNL|MANGAS 60
223,PIGSCAPC2MSM|FIBRA OPTICA SM|FOINE6SM|CDEXTFTTX2X48NL|CORTADORA FIBRA|PINZA CORTADORA|CTFO4PNL|MANGAS 60
224,PIGSCAPC2MSM12P|FIBRA OPTICA SM|FOINE12SM|CDEXTFTTX2X48NL|CORTADORA FIBRA|PINZA CORTADORA|CTFO4PNL|MANGAS 60
225,PIGSCAPC2MSM6P|FIBRA OPTICA SM|FOINE6SM|CDEXTFTTX2X48NL|CORTADORA FIBRA|PINZA CORTADORA|CTFO4PNL|MANGAS 60
226,PCUTP|PINZA PELADORA|UTP CAT5E|UTP CAT6|UTP CAT6A|HERRAMIENTA COBRE
227,PCOAXFIB|TOALLAS|HERRAMIENTA FIBRA LIMPIEZA
228,PCCTRLVT46|PINZA PROFESIONAL|PLUG CAT5E|PLUG CAT6|HERRAMIENTA COBRE
229,PID6H8H|PINZA TIPO IDEAL|PLUG CAT5E|PLUG CAT6|HERRAMIENTA COBRE
230,BLANKFO|6SCAPCSM|ADAPLC-SC-S|DISTRIBUIDOR 18D
231,6LCSM|PIGLC2MSM6P|ADAPLC-SC-S|DISTRIBUIDOR 18D
232,6LC|PIGLC2M50M46P|ADAPLC-SC-S|DISTRIBUIDOR 18D
233,6SCSM|PIGSC2MSM6P|ADAPSC-S|DISTRIBUIDOR 18D
234,6SC|PIGSC2M50M46P|ADAPSC-S|DISTRIBUIDOR 18D
235,6SCAPCSM|PIGSCAPC2MSM6P|ADAPSCAPC-S|DISTRIBUIDOR 18D
236,2517-1PA-WT|JACK CAT6|PLACA CAT6|CAJA UNIVERSAL REFORZADA|PATCH CORD CAT6|JACK CAT5E|PATCH CORD CAT5E|PLACA CAT5E
237,2517-2PA-WT|JACK CAT6|PLACA CAT6|CAJA UNIVERSAL REFORZADA|PATCH CORD CAT6|JACK CAT5E|PATCH CORD CAT5E|PLACA CAT5E
238,2517-1P-WT|JACK CAT6|PLACA CAT6|CAJA UNIVERSAL REFORZADA|PATCH CORD CAT6|JACK CAT5E|PATCH CORD CAT5E|PLACA CAT5E
239,2517-2P-WT|JACK CAT6|PLACA CAT6|CAJA UNIVERSAL REFORZADA|PATCH CORD CAT6|JACK CAT5E|PATCH CORD CAT5E|PLACA CAT5E
240,2517-3P-WT|JACK CAT6|PLACA CAT6|CAJA UNIVERSAL REFORZADA|PATCH CORD CAT6|JACK CAT5E|PATCH CORD CAT5E|PLACA CAT5E
241,2517-4P-WT|JACK CAT6|PLACA CAT6|CAJA UNIVERSAL REFORZADA|PATCH CORD CAT6|JACK CAT5E|PATCH CORD CAT5E|PLACA CAT5E
242,6LC/SCWOC|6SCAPCSM|ADAPLC-SC-S|DISTRIBUIDOR 18D
243,2401-8P8C-FTP|UTP CAT5E|PLUG CAT5E|JACK CAT5E|BOTAS CAT5E|PLACA CAT5E
244,PLUGC6GEL|UTP CAT6 EXTERIOR|PLUG CAT6 EXTEIOR|JACK CAT6|BOTAS CAT6|PLACA CAT6
245,PLUGRJ25|UTP CAT5E|PLUG CAT5E|JACK CAT5E|BOTAS CAT5E|PLACA CAT5E
246,PLUGRJ11|UTP CAT5E|PLUG CAT5E|JACK CAT5E|BOTAS CAT5E|PLACA CAT5E
247,2401-8P8C|UTP CAT5E|PLUG CAT5E|JACK CAT5E|BOTAS CAT5E|PLACA CAT5E
248,PLUGRJ45C6|UTP CAT6|PLUG CAT6|JACK CAT6|BOTAS CAT6|PLACA CAT6
249,PLUGRJ45C6A|UTP CAT6A|PLUG CAT6A|JACK CAT6A|BOTAS CAT6A|PLACA CAT6A
250,QR22UR|TUERCAS ENJAULADAS|CUADRA RACK|ORGANIZADOR VERTICAL|CHAROLA C1929V
251,QR42UR|TUERCAS ENJAULADAS|CUADRA RACK|ORGANIZADOR VERTICAL|CHAROLA C1929V
252,RR419NM|RACK 4|TORNILLOS RACK|CHAROLA CT1910|CHAROLA C1914|CHAROLA C1918|CHAROLA CDL1P1918
253,RR719NM|RACK 7|TORNILLOS RACK|CHAROLA CT1910|CHAROLA C1914|CHAROLA C1918|CHAROLA CDL1P1918
254,RP1915UR|RACK 15|TORNILLOS RACK|CHAROLA CT1910|CHAROLA C1914|CHAROLA C1918
255,HB2|RACK PARED 2|TORNILLOS RACK|V2X25-Bk
256,HB4|RACK PARED 4|TORNILLOS RACK|V2X25-Bk
257,HB-7|RACK PARED 7|TORNILLOS RACK|V2X25-Bk
258,SPPLC1X16SCAPC|SPLITTERS 1X16|CDEXTFTTX2X16|ADAPSCAPC-S|CONPPSCSMAPC|JUSCAPCSCAPC2MSM|PIGSCAPC2MSM
259,SPPLC1X2SCAPC|SPLITTERS 1X2|CDEXTFTTX2X2|ADAPSCAPC-S|CONPPSCSMAPC|JUSCAPCSCAPC2MSM|PIGSCAPC2MSM
260,SPPLC1X32SCAPC|SPLITTERS 1X32|CDEXTFTTX2X32|ADAPSCAPC-S|CONPPSCSMAPC|JUSCAPCSCAPC2MSM|PIGSCAPC2MSM
261,SPPLC1X4SCAPC|SPLITTERS 1X4|CDEXTFTTX2X4|ADAPSCAPC-S|CONPPSCSMAPC|JUSCAPCSCAPC2MSM|PIGSCAPC2MSM
262,SPPLC1X8SCAPC|SPLITTERS 1X8|CDEXTFTTX2X8|ADAPSCAPC-S|CONPPSCSMAPC|JUSCAPCSCAPC2MSM|PIGSCAPC2MSM
263,2.5X100|SUJETACABLES NYLON|UTP CAT5E|UTP CAT6|UTP CAT6A
264,2.5X100BK|SUJETACABLES NYLON|UTP CAT5E|UTP CAT6|UTP CAT6A
265,3.6X150|SUJETACABLES NYLON|UTP CAT5E|UTP CAT6|UTP CAT6A
266,3.6X150BK|SUJETACABLES NYLON|UTP CAT5E|UTP CAT6|UTP CAT6A
267,3.6X200|SUJETACABLES NYLON|UTP CAT5E|UTP CAT6|UTP CAT6A
268,3.6X200BK|SUJETACABLES NYLON|UTP CAT5E|UTP CAT6|UTP CAT6A
269,3.6X300|SUJETACABLES NYLON|UTP CAT5E|UTP CAT6|UTP CAT6A
270,3.6X300BK|SUJETACABLES NYLON|UTP CAT5E|UTP CAT6|UTP CAT6A
271,4.8X300|SUJETACABLES NYLON|UTP CAT5E|UTP CAT6|UTP CAT6A
272,4.8X300BK|SUJETACABLES NYLON|UTP CAT5E|UTP CAT6|UTP CAT6A
273,4.8X450|SUJETACABLES NYLON|UTP CAT5E|UTP CAT6|UTP CAT6A
274,4.8X450BK|SUJETACABLES NYLON|UTP CAT5E|UTP CAT6|UTP CAT6A
275,V2X25-BL|SUJETACABLES TELA|UTP CAT5E|UTP CAT6|UTP CAT6A
276,V2X25-WT|SUJETACABLES TELA|UTP CAT5E|UTP CAT6|UTP CAT6A
277,V2X25-BK|SUJETACABLES TELA|UTP CAT5E|UTP CAT6|UTP CAT6A
278,KS-1|TIJERA FIBRA|HERRAMIENTA FIBRA
279,TC010SPV|TIRAS DE CONTACTO|GABINETE PISO|GABINETE PARED|VELCRO
280,TC012SPV|TIRAS DE CONTACTO|GABINETE PISO|GABINETE PARED|VELCRO
281,TC020SPV|TIRAS DE CONTACTO|GABINETE PISO|GABINETE PARED|VELCRO
282,TC006VSP|TIRAS DE CONTACTO|GABINETE PISO|GABINETE PARED|VELCRO
283,F10|TOALLAS|HERRAMIENTA LIMPIEZA FIBRA|CORTADORA FIBRA
284,J1VENTN127V|VENTILADOR|GABINETE PISO|GABINETE PARED
285,J2VENTN127V|VENTILADOR|GABINETE PISO|GABINETE PARED
